fold,train_start,train_end,val_start,val_end,test_start,test_end
0,2020-01-01,2020-12-31,2020-12-31,2021-03-31,2021-03-31,2021-06-29
1,2020-03-31,2021-03-31,2021-03-31,2021-06-29,2021-06-29,2021-09-27
2,2020-06-29,2021-06-29,2021-06-29,2021-09-27,2021-09-27,2021-12-26
3,2020-09-27,2021-09-27,2021-09-27,2021-12-26,2021-12-26,2022-03-26
4,2020-12-26,2021-12-26,2021-12-26,2022-03-26,2022-03-26,2022-06-24
5,2021-03-26,2022-03-26,2022-03-26,2022-06-24,2022-06-24,2022-09-22
6,2021-06-24,2022-06-24,2022-06-24,2022-09-22,2022-09-22,2022-12-21
7,2021-09-22,2022-09-22,2022-09-22,2022-12-21,2022-12-21,2023-03-21
8,2021-12-21,2022-12-21,2022-12-21,2023-03-21,2023-03-21,2023-06-19
